<?xml version='1.0' encoding='UTF-8'?>
<package version="0.0.0" uuid="masterarbeit-pepper">
 <names>
  <name lang="en_US">Untitled</name>
 </names>
 <supportedLanguages>
  <language>en_US</language>
 </supportedLanguages>
 <descriptionLanguages>
  <language>en_US</language>
 </descriptionLanguages>
 <contents>
  <behaviorContent path="behavior_show_left">
   <nature>interactive</nature>
   <triggerSentences/>
   <loadingResponses/>
   <autonomous/>
   <permissions/>
  </behaviorContent>
  <behaviorContent path="behavior_show_right">
   <nature>interactive</nature>
   <permissions/>
  </behaviorContent>
  <behaviorContent path="behavior_stop">
   <nature>interactive</nature>
   <permissions/>
  </behaviorContent>
 </contents>
</package>
